code,system
1625.00,readv2
R032.00,readv2
1625.11,readv2
C230.00,readv2
C231.00,readv2
C23z.00,readv2
C232.00,readv2
C23y.00,readv2
C233.00,readv2
C2A0.00,readv2
C234.00,readv2
C20z.00,readv2
ZV12100,readv2
C2z..00,readv2
C29y.00,readv2
C29z.00,readv2
SN55112,readv2
L2C..00,readv2
C23z.11,readv2
Cyu5.00,readv2
C23z.12,readv2
C21..00,readv2
J693100,readv2
C286.00,readv2
C23..00,readv2
1627.00,readv2
1D1A.00,readv2
D01y.00,readv2
D01yy00,readv2
C201.00,readv2
C20..00,readv2
C28X.00,readv2
C2A..00,readv2
C20zX00,readv2
C22..00,readv2